<application>
  <component name="AppInspectionProfilesVisibleTreeState">
    <entry key="Default">
      <profile-state>
        <expanded-state>
          <State />
          <State>
            <id>Python</id>
          </State>
        </expanded-state>
      </profile-state>
    </entry>
  </component>
  <component name="PyCodeInsightSettings">
    <option name="RENAME_SEARCH_IN_COMMENTS_FOR_FUNCTION" value="true" />
    <option name="RENAME_SEARCH_NON_CODE_FOR_FUNCTION" value="true" />
    <option name="RENAME_SEARCH_IN_COMMENTS_FOR_VARIABLE" value="true" />
  </component>
  <component name="PyTestFrameworkService">
    <option name="SDK_TO_PYTEST">
      <map>
        <entry key="$USER_HOME$/anaconda3/bin/python" value="true" />
        <entry key="$USER_HOME$/anaconda3/envs/pytorchgpu/bin/python" value="true" />
        <entry key="$USER_HOME$/anaconda3/envs/tensorflowcpu/bin/python" value="true" />
        <entry key="$USER_HOME$/anaconda3/envs/tensorflowgpu/bin/python" value="true" />
        <entry key="$USER_HOME$/anaconda3/envs/tensorflowgpu/bin/python3.6" value="false" />
        <entry key="/usr/bin/python3.6" value="false" />
        <entry key="D:\Programming\Anaconda3\envs\Tensorflow\python.exe" value="false" />
        <entry key="D:\Programming\Anaconda3\envs\Tensorflowgpu\python.exe" value="false" />
      </map>
    </option>
    <option name="SDK_TO_NOSETEST">
      <map>
        <entry key="$USER_HOME$/anaconda3/bin/python" value="true" />
        <entry key="$USER_HOME$/anaconda3/envs/pytorchgpu/bin/python" value="true" />
        <entry key="$USER_HOME$/anaconda3/envs/tensorflowcpu/bin/python" value="true" />
        <entry key="$USER_HOME$/anaconda3/envs/tensorflowgpu/bin/python" value="true" />
        <entry key="$USER_HOME$/anaconda3/envs/tensorflowgpu/bin/python3.6" value="false" />
        <entry key="/usr/bin/python3.6" value="false" />
        <entry key="D:\Programming\Anaconda3\envs\Tensorflow\python.exe" value="false" />
        <entry key="D:\Programming\Anaconda3\envs\Tensorflowgpu\python.exe" value="false" />
      </map>
    </option>
    <option name="SDK_TO_TRIALTEST">
      <map>
        <entry key="$USER_HOME$/anaconda3/bin/python" value="false" />
        <entry key="$USER_HOME$/anaconda3/envs/pytorchgpu/bin/python" value="false" />
        <entry key="$USER_HOME$/anaconda3/envs/tensorflowcpu/bin/python" value="false" />
        <entry key="$USER_HOME$/anaconda3/envs/tensorflowgpu/bin/python" value="false" />
        <entry key="$USER_HOME$/anaconda3/envs/tensorflowgpu/bin/python3.6" value="false" />
        <entry key="/usr/bin/python3.6" value="false" />
      </map>
    </option>
  </component>
</application>