<application>
  <component name="ProjectManager">
    <defaultProject>
      <component name="Encoding" addBOMForNewFiles="with NO BOM" />
      <component name="ProjectDictionaryState">
        <dictionary name="binbin" />
      </component>
      <component name="ProjectInspectionProfilesVisibleTreeState">
        <entry key="Project Default">
          <profile-state>
            <expanded-state>
              <State />
              <State>
                <id>EditorConfig</id>
              </State>
              <State>
                <id>General</id>
              </State>
              <State>
                <id>HTML</id>
              </State>
              <State>
                <id>Internationalization</id>
              </State>
              <State>
                <id>Properties Files</id>
              </State>
              <State>
                <id>Python</id>
              </State>
              <State>
                <id>RegExp</id>
              </State>
              <State>
                <id>Spelling</id>
              </State>
              <State>
                <id>XML</id>
              </State>
            </expanded-state>
            <selected-state>
              <State>
                <id>Buildout</id>
              </State>
            </selected-state>
          </profile-state>
        </entry>
      </component>
      <component name="PropertiesComponent">
        <property name="nodejs_interpreter_path.stuck_in_default_project" value="undefined stuck path" />
        <property name="nodejs_npm_path_reset_for_default_project" value="true" />
        <property name="settings.editor.selected.configurable" value="preferences.sourceCode" />
      </component>
      <component name="PyConsoleOptionsProvider">
        <option name="myPythonConsoleState">
          <console-settings is-module-sdk="true">
            <envs>
              <env key="LD_LIBRARY_PATH" value="/usr/local/cuda-9.0/lib64" />
            </envs>
            <option name="myUseModuleSdk" value="true" />
            <option name="myEnvs">
              <map>
                <entry key="LD_LIBRARY_PATH" value="/usr/local/cuda-9.0/lib64" />
              </map>
            </option>
          </console-settings>
        </option>
      </component>
      <component name="masterDetails">
        <states>
          <state key="ScopeChooserConfigurable.UI">
            <settings>
              <splitter-proportions>
                <option name="proportions">
                  <list>
                    <option value="0.2" />
                  </list>
                </option>
              </splitter-proportions>
            </settings>
          </state>
        </states>
      </component>
    </defaultProject>
  </component>
</application>